{
  "elevation": {
    "ks": 0.45856949997838187,
    "wasserstein": 172.53577654858847
  },
  "slope": {
    "ks": 0.17199742358980713,
    "wasserstein": 3.7685028269844656
  },
  "roughness": {
    "ks": 0.21807546041648895,
    "wasserstein": 6.347134087207358
  },
  "hypsometric": {
    "hypso_l1": 0.15677069126511556,
    "HI_real": 0.23769362107677286,
    "HI_fake": 0.08092292981165726,
    "curve_real": [
      1.0,
      0.8903835999053359,
      0.834810651668338,
      0.7872927355834748,
      0.7481354184007056,
      0.7115064973085855,
      0.6755047719763453,
      0.6418167069519999,
      0.6086196960920406,
      0.5755511601780614,
      0.5433666587623672,
      0.5125081424806629,
      0.4821179775621744,
      0.4532249835058621,
      0.4268141105146697,
      0.4009834940799648,
      0.37758645306460065,
      0.355081388414533,
      0.333203828245948,
      0.3121168190086242,
      0.29306224732625064,
      0.2741587701816536,
      0.256462354264573,
      0.23925784316312057,
      0.22373305022561193,
      0.2086996819348704,
      0.19390267804678904,
      0.18036847806987533,
      0.16711885525208667,
      0.15440799550221707,
      0.142714993420524,
      0.1315049973940511,
      0.12083324123882498,
      0.110728731018849,
      0.1012923352552647,
      0.09216390657363566,
      0.08352470483865883,
      0.07541270418372206,
      0.06767629533246239,
      0.060567442751307064,
      0.053992716786987444,
      0.04768491830471829,
      0.042027366103374486,
      0.03670462461868633,
      0.031958344278626045,
      0.027566214425401758,
      0.02349819583302192,
      0.019766567006889096,
      0.016632060289565178,
      0.0138528049790076,
      0.011502507984857161,
      0.009354224232080788,
      0.007474128412880836,
      0.005927556112487773,
      0.0046420468824075216,
      0.0035838661780091363,
      0.002727068508394257,
      0.0020194602796254862,
      0.0014161901604207922,
      0.0009305255613938341,
      0.0005385722150654206,
      0.000263164032760498,
      9.724028345431189e-05,
      1.4985764704715337e-05
    ],
    "curve_fake": [
      1.0,
      0.4976736892047135,
      0.3915083663205367,
      0.3348863549018411,
      0.2962262433826634,
      0.2661710408516574,
      0.24076489593518638,
      0.21897626483532032,
      0.1991301809842053,
      0.18157963546165987,
      0.16536325715630076,
      0.15041947421440113,
      0.1367114070913994,
      0.12432500366910922,
      0.11281971961798964,
      0.10241275482784225,
      0.09265359491156173,
      0.08349944297501143,
      0.07500809717691188,
      0.06703969310927228,
      0.05993884673029637,
      0.053216611245357405,
      0.04700380965358832,
      0.04149152285050761,
      0.0362836331671944,
      0.031406108421654165,
      0.02719349180597136,
      0.023342916920458232,
      0.01997597443158804,
      0.017022480585227217,
      0.01430406341316872,
      0.012020747836175606,
      0.009988632525103031,
      0.008243496210528693,
      0.00691888459139884,
      0.005793055178416031,
      0.00482935083426696,
      0.00404922991810696,
      0.003389451232595604,
      0.0028078020686752845,
      0.0023327557555760012,
      0.0019031306602007184,
      0.0015879290613896077,
      0.0012989404420724908,
      0.001053312369314354,
      0.0008385084942846922,
      0.000687390419772389,
      0.0005441289949376276,
      0.0004442663144285531,
      0.0003746112760029606,
      0.0003088275474778721,
      0.00025672769978377763,
      0.00020689872743489103,
      0.00017494756120932427,
      0.0001447808120949145,
      0.00012273153199572932,
      0.0001086078978801932,
      8.078264564057989e-05,
      6.268633874845267e-05,
      4.86601613922548e-05,
      3.8625689999263696e-05,
      2.8583246412912655e-05,
      1.8358405374396403e-05,
      1.208964477898505e-05
    ]
  },
  "psd": {
    "beta_real": 3.3814580123910694,
    "beta_fake": 2.4678079191173468,
    "D_real": 2.309270993804465,
    "D_fake": 2.766096040441327,
    "beta_abs_err": 0.9136500932737226,
    "psd_logcurve_l2": 0.6955055257220802,